pop,gallery
SthBarrington,B10a
SthBarrington,B8a
SthBarrington,B8a
SthBarrington,B9c
SthBarrington,B9c
Broadwater,BW10a
Broadwater,BW11a
Broadwater,BW11a
Broadwater,BW11b
Broadwater,BW11c
Broadwater,BW19c
Broadwater,BW19d
Broadwater,BW19d
Broadwater,BW20b
Broadwater,BW23a
Broadwater,BW24a
Broadwater,BW26a
Broadwater,BW27a
Broadwater,BW31a
Broadwater,BW32a
Broadwater,BW32b
Broadwater,BW3a
Broadwater,BW9a
Cumberland,C10a
Cumberland,C11a
Cumberland,C12a
Cumberland,C1a
Cumberland,C2a
Cumberland,C3a
Cumberland,C4a
Cumberland,C5a
Cumberland,C6a
Cumberland,C7a
Cumberland,C8a
Cumberland,C9a
Dampier,D11a
Dampier,D11a
Dampier,D14a
Dampier,D15a
Dampier,D15a
Dampier,D17a
Dampier,D18a
Dampier,D19a
Dampier,D19a
Dampier,D1a
Dampier,D1a
Dampier,D20a
Dampier,D24a
Dampier,D29a
Dampier,D2a
Dampier,D3a
Dampier,D4a
Dampier,D4a
Dampier,D7b
Dampier,D7b
Dampier,D9a
Dampier,D9a
MaresForest,M13a
MaresForest,M13a
MaresForest,M13a
MaresForest,M15a
MaresForest,M15a
MaresForest,M15b
MaresForest,M16a
MaresForest,M16a
MaresForest,M17a
MaresForest,M2a
MaresForest,M2a
MaresForest,M2a
MaresForest,M2b
MaresForest,M2b
MaresForest,M5b
MaresForest,M6b
MaresForest,M6b
MaresForest,M6c
MaresForest,M6c
MaresForest,M6c
MaresForest,M9a
MaresForest,M9a
MountWilson,MW10a
MountWilson,MW12a
MountWilson,MW12b
MountWilson,MW2a
MountWilson,MW3a
MountWilson,MW3a
MountWilson,MW3b
MountWilson,MW3d
MountWilson,MW3d
MountWilson,MW4a
MountWilson,MW4a
MountWilson,MW5a
MountWilson,MW5a
MountWilson,MW5b
MountWilson,MW8a
MountWilson,MW9a
MountWilson,MW9c
MountWilson,MW9c
Olney,O12a
Olney,O12c
Olney,O12d
Olney,O12e
Olney,O12e
Olney,O13a
Olney,O14a
Olney,O15a
Olney,O18a
Olney,O1c
Olney,O20b
Olney,O21a
Olney,O23a
Olney,O4a
Olney,O4b
Olney,O4b
Olney,O5a
Olney,O5a
Olney,O6a
Termeil,T3a
Termeil,T3a
Termeil,T3b
Termeil,T3b
Termeil,T3c
Termeil,T3c
Termeil,T4a
Termeil,T4a
Termeil,T5a
Termeil,T6a
Termeil,T6a
Termeil,T7a
Termeil,T7a
Termeil,T7b
Termeil,T7b
Termeil,T9a
Termeil,T9a
Termeil,T9a
Termeil,T9b
Termeil,T9b